{
    "loss": 0.865023136138916,
    "accuracy": 0.8793103694915771
}