{
    "loss": 0.465023136138916,
    "accuracy": 0.9893103694915771
}
